,Unnamed: 0,height,img_name,width,x,y
4075,4075,48,c2305.mha,48,426,165
2352,2352,74,c3720.mha,74,388,234
1816,1816,162,c2868.mha,162,681,447
7552,7552,46,c3847.mha,46,429,147
7178,7178,20,c3187.mha,20,319,660
2037,2037,42,c3228.mha,42,740,887
4463,4463,32,c2877.mha,32,200,447
2207,2207,58,c3488.mha,58,654,442
2609,2609,36,c0234.mha,36,295,374
4630,4630,50,c3118.mha,50,725,837
362,362,132,c0582.mha,132,700,612
1630,1630,68,c2584.mha,68,851,620
6774,6774,28,c2472.mha,28,270,337
3038,3038,16,c0863.mha,16,707,875
7391,7391,62,c3521.mha,62,366,64
5599,5599,30,c0423.mha,30,612,742
4530,4530,54,c2978.mha,54,648,205
7289,7289,24,c3374.mha,24,173,701
4903,4903,28,c3586.mha,28,724,354
4412,4412,20,c2798.mha,20,653,543
73,73,112,c0093.mha,112,674,300
1894,1894,82,c3027.mha,82,319,569
6881,6881,70,c2624.mha,70,269,362
1245,1245,46,c1997.mha,46,209,629
6283,6283,50,c1539.mha,50,418,821
3388,3388,40,c1404.mha,40,763,668
604,604,60,c0954.mha,60,268,319
4508,4508,40,c2957.mha,40,116,799
6005,6005,26,c1075.mha,26,653,244
3052,3052,32,c0885.mha,32,305,779
3924,3924,62,c2067.mha,62,255,426
5618,5618,36,c0466.mha,36,717,435
7019,7019,30,c2872.mha,30,615,687
531,531,92,c0841.mha,92,669,422
3327,3327,50,c1294.mha,50,180,386
2,2,64,c0013.mha,64,184,661
4210,4210,38,c2476.mha,38,654,60
4272,4272,20,c2585.mha,20,761,943
3970,3970,16,c2118.mha,16,291,588
4073,4073,50,c2300.mha,50,674,701
2153,2153,106,c3423.mha,106,357,576
3735,3735,72,c1856.mha,72,211,718
3439,3439,32,c1482.mha,32,338,569
1483,1483,70,c2370.mha,70,670,671
6456,6456,32,c1877.mha,32,623,678
2690,2690,36,c0372.mha,36,733,235
4992,4992,34,c3676.mha,34,606,179
5373,5373,22,c0044.mha,22,126,915
6422,6422,46,c1801.mha,46,841,664
1081,1081,90,c1716.mha,90,296,492
5722,5722,36,c0658.mha,36,403,112
1636,1636,108,c2596.mha,108,757,508
2169,2169,126,c3440.mha,126,781,446
1300,1300,76,c2088.mha,76,221,814
3312,3312,48,c1263.mha,48,623,338
759,759,40,c1206.mha,40,274,480
6770,6770,38,c2465.mha,38,677,780
6017,6017,56,c1109.mha,56,272,321
7291,7291,20,c3380.mha,20,324,257
1936,1936,42,c3102.mha,42,302,299
3539,3539,26,c1583.mha,26,272,392
2944,2944,52,c0711.mha,52,203,851
5174,5174,22,c0221.mha,22,706,136
5184,5184,72,c0472.mha,72,734,716
5138,5138,46,c3864.mha,46,680,240
3246,3246,30,c1153.mha,30,122,575
4260,4260,34,c2565.mha,34,550,903
7157,7157,40,c3159.mha,40,677,557
2959,2959,40,c0737.mha,40,617,796
1014,1014,80,c1609.mha,80,317,458
4235,4235,42,c2506.mha,42,148,514
4984,4984,14,c3673.mha,14,343,476
3285,3285,74,c1221.mha,74,192,496
6416,6416,42,c1792.mha,42,367,504
3034,3034,36,c0860.mha,36,786,875
692,692,42,c1098.mha,42,707,181
2240,2240,90,c3541.mha,90,363,283
6419,6419,34,c1798.mha,34,730,505
6898,6898,42,c2644.mha,42,680,365
1931,1931,128,c3099.mha,128,264,595
6690,6690,56,c2324.mha,56,379,794
5885,5885,18,c0867.mha,18,676,301
7110,7110,22,c3066.mha,22,792,324
6934,6934,36,c2712.mha,36,779,709
6656,6656,30,c2250.mha,30,273,234
1736,1736,70,c2735.mha,70,140,428
7474,7474,32,c3692.mha,32,342,356
4367,4367,54,c2731.mha,54,799,623
4330,4330,64,c2685.mha,64,688,635
565,565,118,c0915.mha,118,235,778
1684,1684,76,c2661.mha,76,200,727
3096,3096,48,c0940.mha,48,371,629
1459,1459,44,c2323.mha,44,440,567
7114,7114,28,c3074.mha,28,684,840
4535,4535,112,c2985.mha,140,671,653
4498,4498,42,c2941.mha,42,774,397
4562,4562,98,c3018.mha,98,349,201
19,19,48,c0035.mha,48,730,806
2327,2327,66,c3682.mha,66,399,525
6370,6370,26,c1708.mha,26,812,864
5620,5620,24,c0468.mha,24,247,623
3039,3039,42,c0863.mha,42,672,458
1803,1803,84,c2844.mha,84,671,430
4564,4564,18,c3019.mha,18,204,901
7516,7516,40,c3773.mha,40,270,856
997,997,54,c1575.mha,54,352,713
5097,5097,80,c3832.mha,80,407,458
5986,5986,34,c1042.mha,34,708,233
6926,6926,76,c2705.mha,76,799,682
1877,1877,122,c2981.mha,122,226,421
3828,3828,34,c1967.mha,34,138,634
2024,2024,134,c3206.mha,134,740,732
4277,4277,28,c2593.mha,28,305,838
4504,4504,32,c2954.mha,32,374,667
1244,1244,64,c1996.mha,64,286,587
7475,7475,26,c3692.mha,26,604,229
2902,2902,42,c0630.mha,42,657,448
2039,2039,140,c3228.mha,140,193,546
689,689,182,c1097.mha,182,188,585
1353,1353,168,c2174.mha,168,241,456
3087,3087,20,c0932.mha,20,776,494
1395,1395,128,c2247.mha,128,232,199
2157,2157,42,c3426.mha,42,561,786
7024,7024,42,c2881.mha,42,111,471
2897,2897,70,c0623.mha,70,353,257
1971,1971,184,c3126.mha,184,426,537
478,478,98,c0787.mha,98,400,501
1504,1504,78,c2402.mha,78,558,678
1203,1203,72,c1912.mha,72,623,358
7401,7401,80,c3539.mha,80,165,269
1167,1167,88,c1864.mha,88,250,725
6140,6140,54,c1288.mha,54,391,753
6461,6461,26,c1881.mha,26,944,774
596,596,118,c0947.mha,118,691,609
3375,3375,60,c1371.mha,60,409,778
4058,4058,28,c2274.mha,28,333,627
1885,1885,122,c2995.mha,122,320,309
5668,5668,58,c0581.mha,58,601,691
1499,1499,94,c2400.mha,94,121,845
3068,3068,40,c0897.mha,40,628,321
3872,3872,62,c2012.mha,62,635,545
541,541,82,c0850.mha,82,746,468
3582,3582,30,c1632.mha,30,187,788
2441,2441,110,c3884.mha,110,229,605
2105,2105,108,c3355.mha,108,771,489
4531,4531,34,c2978.mha,34,750,183
4061,4061,30,c2278.mha,30,669,518
6545,6545,24,c2076.mha,24,764,548
6935,6935,22,c2712.mha,22,403,597
5737,5737,68,c0676.mha,68,691,191
2296,2296,52,c3602.mha,52,639,490
4072,4072,28,c2295.mha,28,817,638
6234,6234,30,c1427.mha,30,587,291
5716,5716,42,c0651.mha,42,120,733
773,773,58,c1244.mha,58,293,234
4104,4104,84,c2330.mha,84,601,509
2146,2146,84,c3413.mha,84,181,359
4397,4397,38,c2782.mha,38,372,579
1652,1652,88,c2615.mha,88,737,371
4558,4558,60,c3017.mha,60,251,685
5920,5920,46,c0927.mha,46,86,713
945,945,104,c1500.mha,104,282,213
4647,4647,28,c3160.mha,28,208,648
5469,5469,42,c0191.mha,42,791,264
6574,6574,46,c2130.mha,46,823,421
4045,4045,70,c2249.mha,70,377,208
3382,3382,34,c1388.mha,34,429,733
733,733,62,c1156.mha,62,798,717
3236,3236,36,c1127.mha,36,224,320
1190,1190,130,c1894.mha,130,198,604
6776,6776,20,c2473.mha,20,319,436
456,456,114,c0747.mha,114,262,575
3575,3575,46,c1625.mha,46,844,463
2331,2331,54,c3684.mha,54,289,378
2864,2864,60,c0575.mha,60,272,193
4575,4575,28,c3033.mha,28,237,601
5375,5375,40,c0044.mha,40,807,402
6682,6682,20,c2299.mha,20,693,241
1658,1658,152,c2634.mha,152,633,722
7103,7103,28,c3053.mha,28,808,653
3018,3018,96,c0834.mha,96,202,780
6738,6738,38,c2429.mha,38,888,603
704,704,92,c1111.mha,92,251,505
6014,6014,22,c1104.mha,22,784,488
4140,4140,34,c2382.mha,34,622,756
1958,1958,48,c3117.mha,48,345,325
4983,4983,22,c3673.mha,22,365,645
4741,4741,34,c3300.mha,34,376,412
1320,1320,122,c2115.mha,122,134,616
4274,4274,20,c2585.mha,20,881,355
6840,6840,68,c2553.mha,68,210,280
6400,6400,32,c1776.mha,32,731,520
7400,7400,70,c3539.mha,70,594,736
2597,2597,74,c0215.mha,74,853,508
1676,1676,46,c2654.mha,46,598,436
6657,6657,40,c2251.mha,40,655,510
2216,2216,106,c3506.mha,106,283,210
6864,6864,42,c2589.mha,42,740,298
6175,6175,30,c1332.mha,30,784,800
5445,5445,38,c0166.mha,38,753,577
5066,5066,54,c3792.mha,54,862,796
548,548,44,c0870.mha,44,695,265
3521,3521,74,c1566.mha,74,692,749
2272,2272,50,c3578.mha,50,280,349
6482,6482,52,c1946.mha,52,766,498
7247,7247,32,c3306.mha,32,279,606
5800,5800,46,c0754.mha,46,378,701
1242,1242,96,c1995.mha,96,715,375
4490,4490,24,c2925.mha,24,764,891
6909,6909,36,c2671.mha,36,769,691
6617,6617,34,c2190.mha,34,321,173
2936,2936,42,c0693.mha,42,901,513
2479,2479,42,c0051.mha,42,123,483
6670,6670,28,c2286.mha,28,765,589
414,414,134,c0663.mha,134,642,208
3511,3511,28,c1553.mha,28,373,116
6053,6053,56,c1170.mha,56,317,221
7362,7362,44,c3486.mha,44,86,728
473,473,48,c0778.mha,48,757,846
5667,5667,42,c0577.mha,42,208,537
7196,7196,88,c3221.mha,88,758,277
5424,5424,42,c0133.mha,42,165,488
2371,2371,70,c3763.mha,70,599,678
2644,2644,44,c0290.mha,44,685,376
693,693,64,c1100.mha,64,679,431
7052,7052,34,c2921.mha,34,681,714
2688,2688,38,c0371.mha,38,565,795
3557,3557,40,c1599.mha,40,252,786
768,768,58,c1236.mha,58,732,519
1820,1820,100,c2873.mha,100,709,754
977,977,106,c1546.mha,106,662,416
312,312,46,c0464.mha,46,391,351
6486,6486,30,c1951.mha,30,162,855
2289,2289,144,c3598.mha,144,674,626
6999,6999,18,c2830.mha,18,863,922
3526,3526,46,c1570.mha,46,671,276
1414,1414,70,c2269.mha,70,262,515
7014,7014,28,c2862.mha,28,385,313
5442,5442,34,c0157.mha,34,445,774
2004,2004,54,c3175.mha,54,433,738
3080,3080,38,c0918.mha,38,713,831
119,119,42,c0188.mha,42,315,277
5113,5113,46,c3840.mha,46,166,779
6375,6375,82,c1721.mha,82,217,396
6238,6238,46,c1437.mha,46,253,340
2518,2518,36,c0114.mha,36,400,701
1450,1450,84,c2318.mha,84,388,108
470,470,118,c0772.mha,118,665,683
782,782,96,c1259.mha,96,764,493
788,788,100,c1272.mha,100,625,582
7508,7508,68,c3753.mha,68,228,553
3643,3643,50,c1744.mha,50,342,285
6115,6115,34,c1255.mha,34,351,815
6058,6058,70,c1181.mha,70,734,573
2876,2876,98,c0596.mha,98,677,514
1056,1056,150,c1684.mha,150,609,569
1372,1372,140,c2211.mha,140,294,545
2167,2167,116,c3437.mha,116,613,241
1627,1627,154,c2581.mha,154,280,435
3492,3492,60,c1537.mha,60,204,751
3488,3488,28,c1535.mha,28,639,507
4516,4516,22,c2966.mha,22,637,382
6377,6377,38,c1726.mha,38,412,726
7037,7037,32,c2901.mha,32,371,769
3056,3056,34,c0888.mha,34,898,631
2653,2653,16,c0309.mha,16,566,182
134,134,148,c0206.mha,148,600,538
3368,3368,52,c1364.mha,52,103,862
845,845,98,c1372.mha,98,404,689
2777,2777,14,c0489.mha,14,203,718
2239,2239,68,c3541.mha,68,746,366
7177,7177,32,c3187.mha,32,818,723
1876,1876,68,c2981.mha,68,802,732
1965,1965,180,c3121.mha,180,238,511
1682,1682,92,c2660.mha,92,657,607
6800,6800,34,c2496.mha,34,156,699
6035,6035,20,c1146.mha,20,160,587
3227,3227,14,c1120.mha,14,420,658
5279,5279,82,c2867.mha,82,695,577
5790,5790,30,c0742.mha,30,841,325
3848,3848,22,c1986.mha,22,491,577
7336,7336,30,c3445.mha,30,258,335
6892,6892,24,c2633.mha,24,859,540
3015,3015,46,c0824.mha,46,659,591
2176,2176,118,c3454.mha,118,111,773
6019,6019,28,c1116.mha,28,51,898
6610,6610,44,c2170.mha,44,126,622
808,808,42,c1303.mha,42,899,688
5996,5996,22,c1064.mha,22,112,544
2865,2865,40,c0578.mha,40,71,749
4960,4960,44,c3655.mha,44,179,664
3636,3636,54,c1729.mha,54,261,718
6282,6282,48,c1526.mha,48,648,184
3452,3452,20,c1503.mha,20,879,799
5438,5438,44,c0153.mha,44,926,577
4064,4064,30,c2283.mha,30,140,644
5987,5987,36,c1048.mha,36,606,127
7089,7089,74,c3011.mha,74,301,565
7429,7429,82,c3605.mha,82,746,235
6138,6138,62,c1283.mha,62,327,299
3415,3415,30,c1442.mha,30,204,605
5310,5310,22,c3225.mha,22,403,784
1099,1099,164,c1743.mha,164,311,666
4897,4897,30,c3572.mha,30,778,142
698,698,136,c1105.mha,136,601,644
6443,6443,22,c1853.mha,22,405,741
34,34,68,c0052.mha,68,660,759
6105,6105,48,c1243.mha,48,769,578
5948,5948,30,c0977.mha,30,312,337
6681,6681,60,c2299.mha,60,159,531
7171,7171,20,c3176.mha,20,632,512
2083,2083,40,c3317.mha,40,344,579
5747,5747,60,c0689.mha,60,205,418
4145,4145,54,c2389.mha,54,590,227
3131,3131,42,c0990.mha,42,172,494
1869,1869,110,c2959.mha,110,316,511
3304,3304,32,c1249.mha,32,138,887
499,499,194,c0805.mha,194,643,402
757,757,88,c1204.mha,88,677,187
5485,5485,64,c0236.mha,64,619,246
3321,3321,76,c1276.mha,76,372,744
4461,4461,20,c2877.mha,20,706,689
1749,1749,110,c2764.mha,110,700,679
2712,2712,32,c0407.mha,32,414,304
4390,4390,60,c2761.mha,60,390,598
2622,2622,20,c0252.mha,20,768,430
4766,4766,22,c3341.mha,22,99,855
1263,1263,76,c2035.mha,76,747,624
2673,2673,30,c0357.mha,30,890,668
1586,1586,84,c2517.mha,84,610,578
4046,4046,52,c2252.mha,52,599,585
2426,2426,90,c3855.mha,90,640,616
7530,7530,28,c3798.mha,28,265,533
754,754,98,c1201.mha,98,313,637
5992,5992,22,c1057.mha,22,298,742
7075,7075,24,c2965.mha,24,287,898
199,199,68,c0310.mha,68,653,351
711,711,110,c1125.mha,110,334,641
6982,6982,16,c2789.mha,16,116,649
2197,2197,116,c3472.mha,116,337,646
3174,3174,26,c1056.mha,26,706,291
3215,3215,32,c1108.mha,32,762,894
1817,1817,80,c2868.mha,80,302,337
7071,7071,42,c2947.mha,42,765,190
4187,4187,106,c2444.mha,106,733,470
4496,4496,30,c2935.mha,30,246,772
2524,2524,18,c0118.mha,18,615,327
7444,7444,46,c3630.mha,46,690,539
4167,4167,56,c2425.mha,56,186,377
4059,4059,30,c2278.mha,30,275,675
239,239,60,c0361.mha,60,250,474
1260,1260,44,c2022.mha,44,724,473
175,175,132,c0274.mha,132,268,744
5770,5770,30,c0709.mha,30,141,683
996,996,70,c1575.mha,70,607,751
3090,3090,48,c0934.mha,48,134,541
7058,7058,44,c2934.mha,44,376,347
1525,1525,54,c2417.mha,54,721,434
2165,2165,78,c3437.mha,78,666,713
2369,2369,60,c3740.mha,60,321,402
332,332,82,c0503.mha,82,663,605
4466,4466,22,c2883.mha,22,568,196
1570,1570,96,c2505.mha,96,251,536
3568,3568,22,c1615.mha,22,346,388
3570,3570,90,c1620.mha,90,678,469
1631,1631,74,c2584.mha,74,626,208
2763,2763,32,c0473.mha,32,352,850
7149,7149,88,c3139.mha,88,147,343
5761,5761,56,c0705.mha,56,871,685
401,401,48,c0631.mha,48,401,551
5962,5962,20,c1014.mha,20,326,338
2237,2237,90,c3538.mha,90,348,543
943,943,58,c1500.mha,58,792,663
2592,2592,48,c0209.mha,48,387,643
2269,2269,90,c3575.mha,90,718,340
1122,1122,54,c1781.mha,54,296,597
4358,4358,42,c2716.mha,42,623,827
855,855,70,c1381.mha,70,166,468
1085,1085,88,c1720.mha,88,250,819
4133,4133,22,c2368.mha,22,254,131
2478,2478,48,c0049.mha,48,293,198
5703,5703,32,c0640.mha,32,332,677
1904,1904,198,c3037.mha,198,551,549
5975,5975,44,c1025.mha,44,607,413
2241,2241,46,c3545.mha,46,753,790
3277,3277,26,c1203.mha,26,693,376
1486,1486,120,c2374.mha,120,90,676
1526,1526,60,c2419.mha,60,182,616
4547,4547,52,c2999.mha,52,629,202
7568,7568,18,c3882.mha,18,186,720
5991,5991,34,c1053.mha,34,346,390
3344,3344,30,c1312.mha,30,647,471
3105,3105,18,c0945.mha,18,710,418
6981,6981,18,c2789.mha,18,120,770
554,554,46,c0893.mha,46,670,308
4642,4642,28,c3147.mha,28,848,600
344,344,114,c0515.mha,114,155,552
5334,5334,34,c3690.mha,34,196,440
3532,3532,28,c1578.mha,28,635,771
2879,2879,46,c0598.mha,46,121,454
4217,4217,52,c2487.mha,52,708,191
7040,7040,20,c2905.mha,20,690,408
23,23,84,c0040.mha,84,754,566
1921,1921,70,c3064.mha,70,288,380
5872,5872,34,c0852.mha,34,188,520
607,607,62,c0962.mha,62,136,685
2997,2997,34,c0779.mha,34,322,796
4146,4146,48,c2390.mha,48,646,882
6597,6597,32,c2154.mha,32,433,721
4584,4584,26,c3042.mha,26,751,684
4113,4113,16,c2343.mha,16,109,307
1952,1952,44,c3111.mha,44,754,357
1198,1198,72,c1901.mha,72,790,751
5625,5625,20,c0471.mha,20,719,623
6227,6227,48,c1420.mha,48,831,766
6026,6026,52,c1132.mha,52,644,822
4114,4114,18,c2343.mha,18,761,179
5392,5392,60,c0083.mha,60,622,150
5212,5212,72,c1233.mha,72,353,308
4768,4768,22,c3341.mha,22,307,250
2984,2984,54,c0771.mha,54,883,739
3503,3503,22,c1551.mha,22,249,743
5640,5640,48,c0499.mha,48,725,447
781,781,112,c1259.mha,112,212,804
3947,3947,34,c2096.mha,34,363,850
5707,5707,22,c0642.mha,22,650,281
2950,2950,42,c0715.mha,42,191,312
5464,5464,30,c0185.mha,30,847,674
4398,4398,46,c2783.mha,46,801,918
4987,4987,24,c3674.mha,24,838,441
201,201,66,c0318.mha,66,184,414
1950,1950,150,c3111.mha,150,732,683
2547,2547,60,c0150.mha,60,288,202
2293,2293,52,c3599.mha,52,592,235
7392,7392,26,c3524.mha,26,636,863
1004,1004,58,c1581.mha,58,372,208
4130,4130,36,c2365.mha,36,262,259
6746,6746,70,c2445.mha,70,219,468
186,186,82,c0294.mha,82,202,493
1577,1577,56,c2510.mha,56,610,415
6344,6344,30,c1663.mha,30,239,359
4095,4095,42,c2315.mha,42,839,305
6747,6747,48,c2445.mha,48,734,425
7311,7311,30,c3399.mha,30,664,320
2574,2574,38,c0182.mha,38,287,251
2796,2796,32,c0514.mha,32,369,201
1990,1990,58,c3152.mha,58,322,194
694,694,78,c1102.mha,78,653,707
4097,4097,32,c2317.mha,32,453,529
6159,6159,20,c1317.mha,20,717,780
1638,1638,64,c2603.mha,64,180,750
274,274,64,c0420.mha,64,730,543
4102,4102,26,c2329.mha,26,615,807
2125,2125,120,c3391.mha,120,769,726
1161,1161,48,c1847.mha,48,277,718
4539,4539,30,c2989.mha,30,611,496
7049,7049,44,c2917.mha,44,205,266
4677,4677,22,c3210.mha,22,700,819
567,567,120,c0916.mha,120,308,544
999,999,64,c1579.mha,64,624,515
6286,6286,40,c1540.mha,40,334,895
5622,5622,42,c0468.mha,42,409,202
1959,1959,58,c3119.mha,58,268,890
3815,3815,34,c1942.mha,34,800,397
109,109,122,c0180.mha,122,201,645
7398,7398,62,c3534.mha,62,343,852
1038,1038,80,c1658.mha,80,331,435
6248,6248,58,c1463.mha,58,586,195
7132,7132,24,c3095.mha,24,287,121
6913,6913,38,c2675.mha,38,371,712
128,128,58,c0199.mha,58,431,309
4179,4179,60,c2439.mha,60,758,798
7271,7271,82,c3339.mha,82,607,757
3223,3223,44,c1118.mha,44,293,690
6464,6464,36,c1896.mha,36,894,661
4762,4762,32,c3325.mha,32,138,430
4394,4394,24,c2780.mha,24,133,794
5605,5605,56,c0435.mha,56,267,801
6270,6270,18,c1499.mha,18,402,405
4605,4605,54,c3070.mha,54,713,428
3866,3866,28,c2001.mha,28,285,588
5379,5379,26,c0074.mha,26,292,271
7237,7237,20,c3283.mha,20,592,192
7572,7572,22,c3888.mha,22,247,227
795,795,60,c1285.mha,60,255,627
6096,6096,34,c1230.mha,34,575,253
1212,1212,94,c1941.mha,94,225,388
7226,7226,46,c3273.mha,46,212,521
447,447,50,c0720.mha,50,653,269
2781,2781,54,c0494.mha,54,614,638
7257,7257,74,c3330.mha,74,695,842
6426,6426,36,c1806.mha,36,342,272
7351,7351,46,c3468.mha,46,642,264
1315,1315,60,c2111.mha,60,307,472
6635,6635,72,c2216.mha,72,770,662
3708,3708,68,c1815.mha,68,612,851
4778,4778,58,c3363.mha,58,347,739
4888,4888,74,c3555.mha,74,793,714
6703,6703,40,c2345.mha,40,698,264
7496,7496,26,c3741.mha,26,739,494
4797,4797,22,c3379.mha,22,143,325
318,318,64,c0487.mha,64,360,725
1720,1720,54,c2720.mha,54,444,908
4596,4596,70,c3067.mha,70,154,512
174,174,82,c0274.mha,82,178,760
867,867,120,c1403.mha,120,635,686
2731,2731,54,c0421.mha,54,834,620
1040,1040,62,c1661.mha,62,740,471
648,648,70,c1018.mha,70,882,707
4196,4196,22,c2463.mha,22,912,932
6264,6264,20,c1490.mha,20,125,588
4344,4344,20,c2693.mha,20,578,744
3156,3156,64,c1028.mha,64,857,710
1129,1129,150,c1795.mha,150,300,379
7155,7155,34,c3153.mha,34,270,672
5830,5830,30,c0800.mha,30,306,657
25,25,52,c0041.mha,52,611,79
1629,1629,74,c2584.mha,74,717,750
2967,2967,18,c0746.mha,18,315,409
2137,2137,78,c3405.mha,78,709,494
623,623,72,c0984.mha,72,628,620
5947,5947,20,c0977.mha,20,882,392
6079,6079,20,c1202.mha,20,721,216
2927,2927,46,c0683.mha,46,735,523
1555,1555,86,c2468.mha,86,656,324
537,537,88,c0847.mha,88,625,329
2258,2258,154,c3561.mha,154,123,461
6174,6174,28,c1329.mha,28,818,229
6391,6391,30,c1753.mha,30,53,698
4275,4275,28,c2588.mha,28,657,609
3684,3684,38,c1784.mha,38,304,532
4640,4640,40,c3144.mha,40,249,707
3759,3759,70,c1876.mha,70,139,564
301,301,88,c0449.mha,88,586,413
3725,3725,30,c1840.mha,30,334,789
6628,6628,32,c2206.mha,32,768,647
5959,5959,24,c1006.mha,24,254,421
71,71,94,c0093.mha,94,179,577
5879,5879,44,c0861.mha,44,299,507
791,791,90,c1280.mha,90,735,643
3857,3857,16,c1992.mha,16,140,303
3941,3941,32,c2089.mha,32,682,620
5230,5230,48,c1738.mha,48,257,343
2340,2340,58,c3695.mha,58,340,653
6514,6514,50,c1993.mha,50,581,228
665,665,48,c1045.mha,48,423,197
4204,4204,106,c2470.mha,106,669,651
64,64,68,c0084.mha,68,606,264
3390,3390,16,c1406.mha,16,293,843
4724,4724,32,c3276.mha,32,766,359
7570,7570,36,c3888.mha,36,298,411
6493,6493,24,c1956.mha,24,748,597
5592,5592,30,c0404.mha,30,162,621
3844,3844,68,c1980.mha,68,216,441
4716,4716,20,c3265.mha,20,742,686
978,978,60,c1546.mha,60,326,219
1670,1670,98,c2646.mha,98,219,600
5574,5574,54,c0383.mha,54,678,446
328,328,74,c0498.mha,74,610,577
31,31,64,c0047.mha,64,186,342
467,467,40,c0767.mha,40,307,764
276,276,122,c0420.mha,122,376,231
675,675,156,c1063.mha,156,251,191
4396,4396,48,c2782.mha,48,175,671
3462,3462,20,c1509.mha,20,256,644
6911,6911,24,c2671.mha,24,860,351
6323,6323,48,c1639.mha,48,758,656
6359,6359,32,c1688.mha,32,347,409
1473,1473,90,c2358.mha,90,782,444
953,953,52,c1514.mha,52,248,271
118,118,64,c0188.mha,64,185,809
2810,2810,68,c0526.mha,68,828,814
4479,4479,26,c2907.mha,26,723,489
4340,4340,16,c2692.mha,16,681,826
5127,5127,82,c3856.mha,82,161,439
6790,6790,26,c2482.mha,26,403,272
1871,1871,140,c2962.mha,140,209,350
2555,2555,60,c0159.mha,60,309,396
2370,2370,70,c3755.mha,70,770,753
6313,6313,42,c1607.mha,42,727,448
4480,4480,20,c2907.mha,20,843,438
2526,2526,18,c0119.mha,18,656,98
3447,3447,50,c1498.mha,50,236,380
6216,6216,18,c1395.mha,18,656,287
6266,6266,28,c1493.mha,28,154,708
5876,5876,32,c0853.mha,32,321,231
1578,1578,86,c2510.mha,86,300,294
2335,2335,46,c3693.mha,46,605,677
3350,3350,48,c1333.mha,48,127,603
1001,1001,84,c1579.mha,84,683,279
1732,1732,122,c2728.mha,122,606,437
347,347,82,c0531.mha,82,769,436
2945,2945,16,c0711.mha,16,729,469
5077,5077,24,c3800.mha,24,658,253
5644,5644,32,c0533.mha,32,74,708
2756,2756,44,c0451.mha,44,208,566
2596,2596,28,c0215.mha,28,799,540
500,500,108,c0805.mha,108,311,198
6601,6601,46,c2157.mha,46,257,223
297,297,104,c0447.mha,104,304,669
3250,3250,28,c1157.mha,28,595,130
209,209,82,c0332.mha,82,373,499
1162,1162,98,c1847.mha,98,543,539
251,251,50,c0389.mha,50,375,855
5899,5899,28,c0884.mha,28,365,893
6870,6870,82,c2599.mha,82,203,682
5494,5494,26,c0251.mha,26,833,888
4389,4389,24,c2761.mha,24,380,781
3673,3673,70,c1773.mha,70,340,568
6807,6807,46,c2499.mha,46,659,713
1183,1183,50,c1890.mha,50,329,481
4110,4110,32,c2342.mha,32,396,696
2656,2656,50,c0313.mha,50,689,459
153,153,168,c0233.mha,168,170,552
3365,3365,34,c1361.mha,34,327,549
6925,6925,44,c2705.mha,44,311,870
5118,5118,96,c3841.mha,96,836,495
4470,4470,54,c2889.mha,54,410,807
7016,7016,24,c2865.mha,24,563,743
3594,3594,38,c1647.mha,38,342,423
5499,5499,42,c0255.mha,42,145,330
2413,2413,42,c3819.mha,42,707,408
6382,6382,24,c1736.mha,24,656,744
6518,6518,32,c2007.mha,32,293,406
7167,7167,22,c3171.mha,22,241,855
4887,4887,36,c3555.mha,36,320,729
4932,4932,36,c3626.mha,36,673,706
108,108,52,c0180.mha,52,688,661
2131,2131,52,c3393.mha,52,183,477
6271,6271,74,c1506.mha,74,750,716
2160,2160,64,c3428.mha,64,256,562
3998,3998,36,c2165.mha,36,740,544
2694,2694,26,c0374.mha,26,439,648
2259,2259,64,c3569.mha,64,774,672
4515,4515,50,c2966.mha,50,129,537
3071,3071,56,c0901.mha,56,298,566
1042,1042,176,c1666.mha,176,225,591
2838,2838,22,c0542.mha,22,592,201
669,669,40,c1052.mha,40,400,698
5419,5419,22,c0131.mha,22,329,333
1075,1075,50,c1711.mha,50,653,509
1619,1619,104,c2570.mha,104,628,517
339,339,88,c0509.mha,88,205,637
6603,6603,54,c2159.mha,54,699,515
6786,6786,20,c2479.mha,20,210,276
4324,4324,62,c2673.mha,62,744,257
1090,1090,158,c1725.mha,158,290,333
7210,7210,46,c3252.mha,46,128,343
1134,1134,120,c1812.mha,120,341,503
7003,7003,48,c2840.mha,48,725,214
4744,4744,40,c3303.mha,40,807,767
6751,6751,60,c2449.mha,60,612,272
5921,5921,32,c0927.mha,32,690,693
7274,7274,42,c3349.mha,42,662,234
302,302,142,c0452.mha,142,216,523
7442,7442,28,c3628.mha,28,688,390
2633,2633,32,c0277.mha,32,144,683
5845,5845,52,c0814.mha,52,748,124
1698,1698,48,c2688.mha,48,444,763
888,888,88,c1439.mha,88,718,610
1521,1521,126,c2416.mha,126,627,486
4849,4849,66,c3482.mha,66,691,618
4373,4373,46,c2739.mha,46,340,575
4559,4559,64,c3017.mha,64,106,585
5736,5736,30,c0671.mha,30,166,414
1582,1582,58,c2514.mha,58,268,291
7164,7164,64,c3166.mha,64,290,761
2716,2716,18,c0408.mha,18,717,237
7489,7489,20,c3726.mha,20,693,813
775,775,42,c1251.mha,42,265,525
3443,3443,42,c1497.mha,42,866,691
3472,3472,32,c1527.mha,32,165,565
461,461,152,c0763.mha,152,167,610
5870,5870,22,c0851.mha,22,770,595
2867,2867,34,c0578.mha,34,800,640
4636,4636,22,c3129.mha,22,594,766
5380,5380,88,c0074.mha,88,338,261
4865,4865,54,c3526.mha,54,334,494
3504,3504,44,c1551.mha,44,862,677
4739,4739,20,c3299.mha,20,446,153
2120,2120,92,c3381.mha,92,320,518
774,774,72,c1251.mha,72,157,676
5944,5944,80,c0973.mha,80,735,664
5935,5935,26,c0956.mha,26,231,599
6260,6260,20,c1486.mha,20,289,544
1596,1596,52,c2535.mha,52,826,515
3274,3274,28,c1195.mha,28,620,158
3037,3037,28,c0862.mha,28,182,333
2276,2276,172,c3581.mha,172,580,648
79,79,64,c0098.mha,64,196,470
123,123,68,c0195.mha,68,292,524
6888,6888,24,c2631.mha,24,644,810
1118,1118,80,c1780.mha,80,760,653
3900,3900,44,c2039.mha,44,159,527
983,983,50,c1550.mha,50,667,658
6989,6989,78,c2803.mha,78,195,568
5399,5399,18,c0107.mha,18,881,516
1384,1384,82,c2237.mha,82,235,609
5030,5030,34,c3730.mha,34,232,773
5696,5696,58,c0632.mha,58,859,839
4184,4184,78,c2443.mha,78,593,562
942,942,76,c1495.mha,76,251,386
5070,5070,14,c3793.mha,14,297,363
4726,4726,28,c3277.mha,28,618,649
57,57,70,c0067.mha,70,611,375
7428,7428,36,c3605.mha,36,716,593
2701,2701,42,c0385.mha,42,166,361
337,337,66,c0506.mha,66,350,498
4013,4013,34,c2183.mha,34,212,173
7305,7305,78,c3395.mha,78,629,755
5954,5954,32,c0993.mha,32,770,224
7393,7393,80,c3524.mha,80,176,601
3639,3639,60,c1734.mha,60,338,564
7179,7179,32,c3187.mha,32,769,311
981,981,58,c1549.mha,58,658,203
6778,6778,66,c2474.mha,66,255,429
3999,3999,32,c2167.mha,32,303,369
1386,1386,70,c2240.mha,70,671,233
1905,1905,176,c3037.mha,176,233,432
7383,7383,38,c3508.mha,38,751,714
3682,3682,16,c1782.mha,16,497,822
6632,6632,40,c2213.mha,40,259,496
6508,6508,42,c1981.mha,42,772,566
5609,5609,46,c0439.mha,46,779,544
6240,6240,42,c1458.mha,42,668,574
4477,4477,52,c2904.mha,52,385,477
3348,3348,96,c1331.mha,96,656,165
2256,2256,56,c3561.mha,56,765,745
3672,3672,22,c1771.mha,22,733,152
1393,1393,106,c2246.mha,106,226,479
7096,7096,46,c3025.mha,46,653,458
5520,5520,26,c0296.mha,26,111,649
4867,4867,26,c3527.mha,26,167,645
811,811,80,c1305.mha,80,378,523
3566,3566,32,c1615.mha,32,843,734
7233,7233,24,c3279.mha,24,128,403
1875,1875,146,c2973.mha,146,627,397
3126,3126,72,c0985.mha,72,711,424
6136,6136,62,c1283.mha,62,685,687
2079,2079,126,c3315.mha,126,631,291
5624,5624,84,c0469.mha,84,751,657
5858,5858,24,c0828.mha,24,610,216
797,797,66,c1286.mha,66,824,739
5040,5040,18,c3749.mha,18,639,530
728,728,42,c1145.mha,42,376,347
2842,2842,56,c0551.mha,56,721,559
5763,5763,22,c0705.mha,22,699,537
780,780,146,c1256.mha,146,261,473
4169,4169,36,c2430.mha,36,309,837
2249,2249,88,c3551.mha,88,312,555
3693,3693,34,c1794.mha,34,641,382
1601,1601,78,c2539.mha,78,200,448
4665,4665,32,c3198.mha,32,244,115
3838,3838,28,c1976.mha,28,335,841
1581,1581,52,c2514.mha,52,852,440
5990,5990,22,c1053.mha,22,824,683
2267,2267,60,c3574.mha,60,372,334
4155,4155,28,c2395.mha,28,252,579
1145,1145,50,c1824.mha,50,331,449
3506,3506,32,c1552.mha,32,124,835
4798,4798,24,c3379.mha,24,750,148
3234,3234,68,c1127.mha,68,194,687
1295,1295,118,c2081.mha,118,171,797
5617,5617,46,c0466.mha,46,125,458
4967,4967,44,c3658.mha,44,389,343
3752,3752,40,c1871.mha,40,346,553
5169,5169,36,c0129.mha,36,291,821
1533,1533,112,c2426.mha,112,768,605
3065,3065,36,c0895.mha,36,701,397
1773,1773,88,c2808.mha,88,129,663
6979,6979,54,c2786.mha,54,659,504
6366,6366,52,c1700.mha,52,844,611
589,589,58,c0937.mha,58,816,764
6573,6573,38,c2130.mha,38,848,798
5993,5993,62,c1057.mha,62,795,672
3242,3242,20,c1141.mha,20,295,447
1556,1556,88,c2471.mha,88,165,587
6284,6284,30,c1539.mha,30,314,612
4840,4840,30,c3478.mha,30,818,370
2226,2226,210,c3518.mha,210,202,590
2147,2147,92,c3415.mha,92,244,637
6258,6258,24,c1485.mha,24,216,466
7535,7535,36,c3810.mha,36,415,644
1889,1889,62,c3007.mha,62,676,411
1095,1095,76,c1732.mha,76,331,207
6760,6760,32,c2455.mha,32,305,161
6599,6599,80,c2156.mha,80,277,462
1645,1645,110,c2608.mha,110,593,620
4031,4031,40,c2218.mha,40,330,690
638,638,64,c1002.mha,64,692,518
218,218,166,c0341.mha,166,697,536
4254,4254,52,c2552.mha,52,300,269
4080,4080,68,c2309.mha,68,784,369
399,399,60,c0631.mha,60,414,750
7074,7074,70,c2961.mha,70,195,319
4400,4400,26,c2784.mha,26,878,727
6052,6052,44,c1170.mha,44,248,370
4098,4098,32,c2317.mha,32,902,474
4341,4341,22,c2692.mha,22,327,653
7211,7211,26,c3252.mha,26,407,306
6051,6051,56,c1170.mha,56,795,688
9,9,44,c0025.mha,44,396,525
6873,6873,42,c2609.mha,42,265,301
2311,2311,108,c3634.mha,108,359,744
2819,2819,26,c0529.mha,26,389,450
3558,3558,64,c1599.mha,64,114,535
5573,5573,42,c0382.mha,42,348,537
3269,3269,32,c1191.mha,32,748,329
3200,3200,36,c1085.mha,36,392,159
5985,5985,34,c1042.mha,34,292,432
6450,6450,40,c1863.mha,40,340,532
890,890,112,c1439.mha,112,635,365
1688,1688,90,c2665.mha,90,735,600
4823,4823,42,c3448.mha,42,361,815
4847,4847,86,c3481.mha,86,636,536
5875,5875,26,c0853.mha,26,269,242
4257,4257,54,c2563.mha,54,577,843
3573,3573,40,c1625.mha,40,571,736
2826,2826,40,c0534.mha,40,206,749
5349,5349,76,c0011.mha,76,580,253
4338,4338,32,c2689.mha,32,281,613
484,484,86,c0791.mha,86,762,763
1561,1561,92,c2488.mha,92,225,665
5588,5588,24,c0398.mha,24,639,463
4912,4912,20,c3607.mha,20,414,656
2964,2964,32,c0741.mha,32,795,553
985,985,78,c1557.mha,78,159,735
2407,2407,82,c3813.mha,82,784,681
2140,2140,66,c3407.mha,66,610,431
6781,6781,18,c2478.mha,18,129,499
3830,3830,52,c1968.mha,52,725,593
2746,2746,28,c0434.mha,28,581,781
165,165,122,c0261.mha,122,546,849
2345,2345,56,c3708.mha,56,744,354
7104,7104,46,c3055.mha,46,324,695
4758,4758,34,c3319.mha,34,264,298
1564,1564,72,c2493.mha,72,690,247
1443,1443,104,c2302.mha,104,249,609
4851,4851,24,c3490.mha,24,862,817
3238,3238,54,c1138.mha,54,687,434
5368,5368,32,c0033.mha,32,368,795
7208,7208,34,c3244.mha,34,673,680
4433,4433,32,c2834.mha,32,552,540
576,576,182,c0925.mha,182,295,501
6445,6445,22,c1853.mha,22,744,222
4606,4606,52,c3072.mha,52,602,411
5593,5593,24,c0404.mha,24,373,401
6095,6095,22,c1230.mha,22,220,797
2196,2196,52,c3471.mha,52,209,179
4805,4805,46,c3418.mha,46,278,865
6642,6642,22,c2229.mha,22,310,384
805,805,76,c1300.mha,76,635,773
2346,2346,56,c3708.mha,56,327,337
5806,5806,26,c0759.mha,26,383,532
7420,7420,48,c3576.mha,48,140,651
7021,7021,76,c2876.mha,76,92,825
1895,1895,90,c3027.mha,90,647,541
3551,3551,18,c1593.mha,18,659,400
7053,7053,42,c2921.mha,42,246,605
2433,2433,72,c3865.mha,72,138,447
5562,5562,40,c0366.mha,40,287,473
6320,6320,26,c1622.mha,26,298,812
5561,5561,60,c0364.mha,60,258,392
597,597,82,c0950.mha,82,767,812
2148,2148,56,c3415.mha,56,381,313
5897,5897,80,c0881.mha,80,342,153
3183,3183,30,c1066.mha,30,220,714
7333,7333,80,c3443.mha,80,594,756
1281,1281,36,c2051.mha,36,873,460
685,685,48,c1092.mha,48,863,574
5507,5507,34,c0265.mha,34,722,601
7170,7170,44,c3174.mha,44,104,561
864,864,64,c1400.mha,64,302,735
2300,2300,54,c3604.mha,54,854,832
1109,1109,120,c1765.mha,120,716,518
6132,6132,28,c1278.mha,28,765,245
919,919,46,c1469.mha,46,671,348
610,610,58,c0964.mha,58,407,584
6684,6684,54,c2304.mha,54,195,680
249,249,50,c0380.mha,50,605,275
6181,6181,24,c1339.mha,24,889,756
3942,3942,38,c2089.mha,38,759,198
7241,7241,32,c3289.mha,32,722,551
1536,1536,64,c2427.mha,64,772,675
5478,5478,36,c0227.mha,36,349,832
3903,3903,30,c2046.mha,30,779,749
4728,4728,70,c3280.mha,70,819,736
3542,3542,36,c1584.mha,36,189,221
1311,1311,58,c2108.mha,58,76,742
4259,4259,20,c2563.mha,20,323,542
6949,6949,56,c2746.mha,56,152,789
2648,2648,62,c0295.mha,62,303,339
4399,4399,42,c2783.mha,42,750,872
7221,7221,22,c3269.mha,22,398,480
2392,2392,92,c3802.mha,92,270,236
987,987,128,c1557.mha,128,629,304
3547,3547,40,c1590.mha,40,800,571
583,583,72,c0930.mha,72,673,739
7094,7094,44,c3020.mha,44,724,669
3642,3642,20,c1744.mha,20,230,503
2552,2552,44,c0158.mha,44,146,832
726,726,98,c1144.mha,98,306,376
954,954,80,c1515.mha,80,142,595
1623,1623,88,c2577.mha,88,286,292
2647,2647,38,c0295.mha,38,610,346
4241,4241,22,c2518.mha,22,389,285
6116,6116,48,c1255.mha,48,415,637
831,831,46,c1342.mha,46,648,218
6484,6484,32,c1948.mha,32,812,791
6554,6554,32,c2085.mha,32,386,177
6692,6692,22,c2324.mha,22,688,201
5923,5923,40,c0938.mha,40,417,857
6254,6254,20,c1472.mha,20,703,368
6206,6206,28,c1383.mha,28,735,638
6524,6524,22,c2023.mha,22,732,475
6920,6920,74,c2697.mha,74,304,799
3891,3891,68,c2026.mha,68,736,316
7319,7319,40,c3425.mha,40,189,789
6810,6810,46,c2519.mha,46,603,721
5946,5946,64,c0976.mha,64,54,669
5552,5552,22,c0336.mha,22,228,626
3577,3577,34,c1626.mha,34,668,452
2320,2320,48,c3651.mha,48,320,212
2225,2225,48,c3516.mha,48,263,399
3683,3683,22,c1782.mha,22,725,152
4612,4612,24,c3084.mha,24,279,368
2372,2372,56,c3763.mha,56,263,615
5324,5324,78,c3509.mha,78,704,371
1520,1520,104,c2415.mha,104,350,640
1420,1420,76,c2281.mha,76,661,650
4746,4746,44,c3308.mha,44,712,826
6633,6633,34,c2215.mha,34,336,423
5272,5272,38,c2757.mha,38,320,170
1275,1275,64,c2042.mha,64,568,192
1551,1551,134,c2456.mha,134,668,344
4643,4643,70,c3150.mha,70,148,676
2835,2835,22,c0541.mha,22,609,787
6696,6696,30,c2336.mha,30,185,800
7566,7566,64,c3876.mha,64,756,492
4750,4750,72,c3311.mha,72,653,783
4384,4384,64,c2753.mha,64,308,546
6712,6712,40,c2376.mha,40,368,440
7105,7105,20,c3057.mha,20,146,719
6930,6930,50,c2708.mha,50,246,523
4919,4919,12,c3618.mha,12,210,718
6431,6431,76,c1817.mha,76,745,630
1634,1634,62,c2594.mha,62,262,569
85,85,76,c0105.mha,76,755,773
6763,6763,44,c2459.mha,44,581,544
6577,6577,34,c2132.mha,34,266,180
1814,1814,58,c2863.mha,58,179,509
3729,3729,42,c1841.mha,42,324,593
6846,6846,78,c2566.mha,78,389,699
7536,7536,44,c3812.mha,44,352,619
1944,1944,60,c3106.mha,60,681,184
3847,3847,30,c1985.mha,30,409,585
6146,6146,28,c1292.mha,28,760,804
4729,4729,50,c3280.mha,50,598,524
1498,1498,58,c2396.mha,58,304,458
462,462,104,c0763.mha,104,806,592
4212,4212,96,c2483.mha,96,339,184
3023,3023,56,c0840.mha,56,597,608
1002,1002,104,c1581.mha,104,309,748
1975,1975,60,c3132.mha,60,376,640
850,850,48,c1377.mha,48,692,314
2686,2686,22,c0368.mha,22,288,412
233,233,38,c0351.mha,38,619,286
6177,6177,48,c1332.mha,48,414,294
1407,1407,122,c2259.mha,122,167,514
4493,4493,18,c2927.mha,18,248,619
4205,4205,42,c2470.mha,42,615,488
1286,1286,68,c2060.mha,68,283,214
834,834,174,c1349.mha,174,229,346
5704,5704,20,c0640.mha,20,215,556
5692,5692,30,c0625.mha,30,843,853
6043,6043,42,c1149.mha,42,268,115
2122,2122,154,c3381.mha,154,268,338
3578,3578,64,c1626.mha,64,332,82
2598,2598,58,c0215.mha,58,783,365
2799,2799,26,c0517.mha,26,841,279
4057,4057,28,c2274.mha,28,376,893
5760,5760,32,c0704.mha,32,711,368
7175,7175,26,c3182.mha,26,323,395
3977,3977,54,c2123.mha,54,652,359
6123,6123,28,c1269.mha,28,838,232
4820,4820,48,c3446.mha,48,894,749
5098,5098,32,c3833.mha,32,664,798
5452,5452,26,c0175.mha,26,456,903
6560,6560,18,c2095.mha,18,844,663
41,41,204,c0059.mha,204,231,431
1788,1788,146,c2821.mha,146,669,533
6160,6160,24,c1317.mha,24,711,483
4518,4518,60,c2969.mha,60,676,253
377,377,128,c0600.mha,128,752,586
5420,5420,48,c0132.mha,48,678,822
4407,4407,22,c2792.mha,22,713,466
1306,1306,56,c2098.mha,56,341,666
6223,6223,34,c1413.mha,34,712,623
4995,4995,40,c3678.mha,40,668,293
2669,2669,74,c0353.mha,74,243,633
3140,3140,48,c1004.mha,48,722,800
1829,1829,110,c2891.mha,110,277,309
4834,4834,28,c3469.mha,28,374,546
4796,4796,34,c3379.mha,34,177,697
6064,6064,40,c1187.mha,40,700,749
896,896,88,c1446.mha,88,811,493
5522,5522,22,c0303.mha,22,197,458
3114,3114,60,c0971.mha,60,669,715
2774,2774,28,c0486.mha,28,310,644
4852,4852,50,c3490.mha,50,766,743
1391,1391,128,c2243.mha,128,284,305
4802,4802,38,c3410.mha,38,736,784
2398,2398,58,c3807.mha,58,185,479
3155,3155,24,c1028.mha,24,656,826
2243,2243,76,c3545.mha,76,586,560
2389,2389,102,c3788.mha,102,307,384
6907,6907,20,c2670.mha,20,851,597
5033,5033,46,c3745.mha,46,568,495
6872,6872,70,c2609.mha,70,890,816
4639,4639,28,c3140.mha,28,694,620
3537,3537,20,c1582.mha,20,660,479
1247,1247,108,c2002.mha,108,328,573
3810,3810,30,c1939.mha,30,699,594
112,112,56,c0186.mha,56,75,580
1777,1777,64,c2811.mha,64,694,571
3510,3510,38,c1553.mha,38,122,315
260,260,130,c0401.mha,130,238,357
5956,5956,46,c1001.mha,46,615,756
323,323,56,c0492.mha,56,581,896
1825,1825,36,c2879.mha,36,409,748
7394,7394,54,c3524.mha,54,709,230
3470,3470,44,c1521.mha,44,767,740
1251,1251,54,c2004.mha,54,400,361
450,450,90,c0731.mha,90,553,481
1661,1661,90,c2639.mha,90,378,727
5572,5572,78,c0382.mha,78,310,696
7468,7468,52,c3679.mha,52,328,632
1091,1091,44,c1728.mha,44,700,770
1730,1730,86,c2727.mha,86,712,656
5584,5584,76,c0397.mha,76,636,557
7347,7347,44,c3464.mha,44,769,600
1941,1941,94,c3105.mha,94,767,512
5807,5807,30,c0769.mha,30,587,815
5125,5125,50,c3854.mha,50,783,763
3357,3357,48,c1347.mha,48,821,869
5727,5727,22,c0667.mha,22,107,487
5739,5739,56,c0678.mha,56,327,116
6547,6547,34,c2079.mha,34,357,520
5560,5560,32,c0364.mha,32,255,490
4178,4178,42,c2438.mha,42,509,871
872,872,112,c1422.mha,112,684,666
288,288,74,c0438.mha,74,644,708
1482,1482,78,c2370.mha,78,638,781
1451,1451,56,c2319.mha,56,881,761
862,862,96,c1399.mha,96,353,572
6396,6396,18,c1762.mha,18,140,448
2821,2821,36,c0530.mha,36,178,714
4009,4009,32,c2182.mha,32,196,521
3263,3263,64,c1182.mha,64,802,411
772,772,40,c1244.mha,40,184,456
7130,7130,34,c3095.mha,34,352,820
4807,4807,34,c3418.mha,34,710,559
1743,1743,58,c2750.mha,58,291,301
4452,4452,40,c2864.mha,40,241,272
5460,5460,36,c0183.mha,36,887,537
1964,1964,88,c3120.mha,88,622,376
5479,5479,32,c0227.mha,32,714,611
2421,2421,116,c3843.mha,116,605,690
5978,5978,44,c1031.mha,44,594,614
7280,7280,30,c3358.mha,30,730,324
2543,2543,18,c0142.mha,18,359,354
2379,2379,110,c3775.mha,110,604,550
3097,3097,28,c0940.mha,28,686,567
5148,5148,20,c3878.mha,20,849,488
5926,5926,38,c0939.mha,38,734,649
799,799,124,c1286.mha,124,580,531
4486,4486,66,c2920.mha,66,758,545
6733,6733,28,c2409.mha,28,266,297
538,538,46,c0847.mha,46,281,230
3408,3408,24,c1432.mha,24,765,619
5506,5506,48,c0265.mha,48,440,605
3048,3048,24,c0877.mha,24,292,393
4971,4971,38,c3661.mha,38,760,745
5743,5743,64,c0682.mha,64,630,486
3803,3803,28,c1929.mha,28,533,644
2033,2033,38,c3222.mha,38,340,212
1020,1020,110,c1628.mha,110,168,393
3380,3380,28,c1384.mha,28,238,217
5857,5857,84,c0828.mha,84,312,553
3363,3363,38,c1353.mha,38,793,237
898,898,50,c1448.mha,50,199,808
564,564,54,c0914.mha,54,684,529
221,221,78,c0343.mha,78,575,548
3475,3475,78,c1528.mha,78,657,744
2875,2875,42,c0596.mha,42,99,747
6848,6848,28,c2567.mha,28,624,519
2325,2325,80,c3680.mha,80,718,496
5346,5346,32,c0007.mha,32,272,377
4585,4585,58,c3042.mha,58,668,485
5965,5965,54,c1019.mha,54,142,655
1304,1304,66,c2093.mha,66,314,731
4326,4326,60,c2676.mha,60,786,766
7341,7341,28,c3459.mha,28,755,477
6727,6727,30,c2405.mha,30,714,492
786,786,76,c1272.mha,76,196,838
6528,6528,34,c2032.mha,34,629,200
1160,1160,88,c1845.mha,88,701,277
1614,1614,118,c2562.mha,118,312,356
6955,6955,30,c2758.mha,30,241,493
3670,3670,32,c1769.mha,32,136,476
7483,7483,60,c3705.mha,60,145,329
7267,7267,38,c3337.mha,38,874,664
5795,5795,20,c0748.mha,20,878,463
880,880,88,c1433.mha,88,263,837
1054,1054,56,c1684.mha,56,322,652
6945,6945,76,c2737.mha,76,759,644
1053,1053,54,c1683.mha,54,390,275
1385,1385,70,c2240.mha,70,267,567
1078,1078,86,c1713.mha,86,625,611
2678,2678,32,c0362.mha,32,212,697
3860,3860,20,c1998.mha,20,241,614
4910,4910,52,c3601.mha,52,112,753
5997,5997,54,c1067.mha,54,872,758
1961,1961,118,c3119.mha,118,679,471
115,115,52,c0187.mha,52,735,502
2020,2020,78,c3196.mha,78,697,533
2238,2238,114,c3541.mha,114,172,472
275,275,52,c0420.mha,52,909,531
4520,4520,50,c2972.mha,50,330,232
5019,5019,28,c3707.mha,28,145,574
1888,1888,62,c3007.mha,62,673,732
2706,2706,64,c0396.mha,64,175,434
5612,5612,40,c0454.mha,40,295,436
3064,3064,78,c0895.mha,78,639,648
3442,3442,26,c1497.mha,26,187,863
6521,6521,34,c2010.mha,34,769,259
6090,6090,26,c1217.mha,26,290,784
7017,7017,34,c2865.mha,34,776,655
1563,1563,114,c2488.mha,114,656,462
958,958,148,c1517.mha,148,709,531
4913,4913,68,c3607.mha,68,791,560
1503,1503,64,c2402.mha,64,201,713
4360,4360,38,c2721.mha,38,188,268
7131,7131,50,c3095.mha,50,756,337
3020,3020,32,c0837.mha,32,335,875
3855,3855,26,c1991.mha,26,844,241
7249,7249,20,c3307.mha,20,356,415
6363,6363,68,c1694.mha,68,778,427
8,8,66,c0025.mha,66,341,668
1262,1262,76,c2035.mha,76,336,700
2846,2846,38,c0553.mha,38,867,826
727,727,54,c1145.mha,54,752,865
6713,6713,26,c2377.mha,26,728,574
3322,3322,44,c1276.mha,44,232,583
4761,4761,98,c3324.mha,98,718,563
1762,1762,44,c2790.mha,44,646,805
147,147,90,c0225.mha,90,792,603
6190,6190,80,c1354.mha,80,592,507
2624,2624,38,c0257.mha,38,67,923
2651,2651,30,c0306.mha,30,235,622
1868,1868,80,c2958.mha,80,356,332
2749,2749,24,c0436.mha,24,645,620
3359,3359,32,c1352.mha,32,169,454
3280,3280,32,c1212.mha,32,337,687
6235,6235,30,c1436.mha,30,269,757
866,866,148,c1400.mha,148,247,434
2883,2883,54,c0602.mha,54,284,491
4736,4736,66,c3298.mha,66,173,382
2066,2066,68,c3286.mha,68,798,650
6686,6686,20,c2304.mha,20,678,394
1701,1701,56,c2690.mha,56,324,329
3195,3195,88,c1083.mha,88,312,767
4436,4436,24,c2839.mha,24,864,602
2031,2031,38,c3222.mha,38,379,752
5882,5882,32,c0866.mha,32,729,834
2134,2134,48,c3394.mha,48,729,149
2857,2857,42,c0564.mha,42,875,575
4282,4282,30,c2597.mha,30,131,848
1685,1685,80,c2663.mha,80,697,697
7361,7361,24,c3485.mha,24,707,605
4976,4976,36,c3665.mha,36,351,132
4934,4934,54,c3626.mha,54,662,317
5559,5559,32,c0356.mha,32,822,427
6886,6886,24,c2628.mha,24,194,829
1213,1213,70,c1945.mha,70,768,567
4595,4595,58,c3067.mha,58,157,613
5849,5849,70,c0818.mha,70,223,350
7548,7548,34,c3830.mha,34,174,230
3620,3620,54,c1695.mha,54,150,450
5591,5591,22,c0404.mha,22,355,699
3821,3821,94,c1949.mha,94,325,627
2187,2187,70,c3460.mha,70,213,495
75,75,62,c0096.mha,62,677,452
3793,3793,22,c1919.mha,22,295,610
4458,4458,34,c2875.mha,34,88,754
6849,6849,22,c2567.mha,22,646,195
5157,5157,52,c3887.mha,52,660,193
4195,4195,26,c2460.mha,26,697,551
5155,5155,20,c3887.mha,20,621,581
6537,6537,48,c2059.mha,48,564,848
6966,6966,48,c2770.mha,48,288,697
163,163,50,c0250.mha,50,643,451
7050,7050,46,c2917.mha,46,132,266
6924,6924,26,c2701.mha,26,818,695
4540,4540,54,c2989.mha,54,349,420
5689,5689,44,c0624.mha,44,305,622
2362,2362,104,c3734.mha,104,254,326
2498,2498,34,c0085.mha,34,683,256
715,715,60,c1129.mha,60,622,249
2247,2247,68,c3548.mha,68,532,649
3317,3317,28,c1268.mha,28,159,806
2617,2617,58,c0245.mha,58,378,532
1287,1287,100,c2061.mha,100,774,679
1834,1834,62,c2899.mha,62,394,661
3749,3749,42,c1868.mha,42,666,769
5582,5582,22,c0393.mha,22,765,528
7328,7328,68,c3434.mha,68,730,455
3864,3864,78,c2001.mha,78,656,753
849,849,120,c1376.mha,120,629,293
4923,4923,90,c3619.mha,90,211,359
7518,7518,24,c3773.mha,24,859,515
2760,2760,66,c0457.mha,66,275,577
6932,6932,24,c2711.mha,24,267,575
7414,7414,40,c3567.mha,40,266,355
4183,4183,62,c2442.mha,62,173,480
828,828,60,c1335.mha,60,589,209
2952,2952,24,c0722.mha,24,767,190
5173,5173,24,c0221.mha,24,120,540
684,684,64,c1091.mha,64,358,370
1978,1978,148,c3134.mha,148,227,322
334,334,124,c0505.mha,124,601,514
5597,5597,50,c0423.mha,50,669,760
1984,1984,62,c3142.mha,62,628,551
5062,5062,30,c3783.mha,30,689,219
5304,5304,24,c3177.mha,24,371,866
2837,2837,26,c0542.mha,26,407,746
3734,3734,28,c1850.mha,28,590,400
2794,2794,50,c0513.mha,50,329,377
7503,7503,38,c3746.mha,38,662,660
6166,6166,58,c1319.mha,58,645,203
1837,1837,66,c2906.mha,66,653,288
6256,6256,22,c1476.mha,22,227,331
5933,5933,52,c0955.mha,52,809,475
5994,5994,24,c1057.mha,24,177,591
6836,6836,54,c2547.mha,54,801,460
432,432,200,c0687.mha,200,626,608
749,749,72,c1178.mha,72,193,616
6379,6379,50,c1733.mha,50,173,526
6196,6196,32,c1358.mha,32,716,479
3632,3632,32,c1724.mha,32,814,671
6812,6812,68,c2520.mha,68,169,537
4614,4614,42,c3085.mha,42,647,501
1463,1463,46,c2326.mha,46,203,766
2047,2047,64,c3243.mha,64,238,486
3323,3323,62,c1293.mha,62,704,535
5611,5611,24,c0454.mha,24,706,494
1080,1080,40,c1715.mha,40,273,338
5454,5454,30,c0175.mha,30,615,673
5779,5779,34,c0723.mha,34,708,706
3225,3225,30,c1119.mha,30,882,443
3391,3391,50,c1406.mha,50,131,490
1771,1771,70,c2801.mha,70,538,498
6823,6823,62,c2538.mha,62,852,629
6808,6808,54,c2511.mha,54,389,819
413,413,50,c0659.mha,50,596,759
6525,6525,22,c2025.mha,22,668,599
4001,4001,24,c2175.mha,24,697,360
5815,5815,22,c0783.mha,22,836,838
2073,2073,96,c3290.mha,96,698,182
3157,3157,30,c1028.mha,30,323,474
1547,1547,108,c2447.mha,108,204,576
4523,4523,70,c2975.mha,70,103,841
1142,1142,52,c1823.mha,52,164,661
2664,2664,32,c0325.mha,32,433,548
3261,3261,72,c1182.mha,72,75,817
1933,1933,62,c3100.mha,62,41,730
3917,3917,28,c2058.mha,28,304,327
3446,3446,28,c1498.mha,28,308,492
3726,3726,28,c1840.mha,28,797,608
3407,3407,26,c1432.mha,26,730,620
6329,6329,36,c1642.mha,36,195,605
2027,2027,70,c3217.mha,70,326,249
4501,4501,32,c2949.mha,32,768,503
7042,7042,26,c2911.mha,26,614,536
63,63,54,c0084.mha,54,328,461
3009,3009,36,c0812.mha,36,382,407
6998,6998,24,c2827.mha,24,822,817
6232,6232,40,c1423.mha,40,433,701
3016,3016,68,c0824.mha,68,139,404
3264,3264,72,c1183.mha,72,646,540
5968,5968,24,c1020.mha,24,375,291
4025,4025,30,c2196.mha,30,165,862
4930,4930,34,c3625.mha,34,170,480
735,735,160,c1156.mha,160,636,470
137,137,76,c0210.mha,76,688,510
1455,1455,104,c2320.mha,104,278,598
3607,3607,58,c1675.mha,58,849,318
1430,1430,62,c2290.mha,62,643,536
7273,7273,40,c3349.mha,40,357,805
1253,1253,68,c2014.mha,68,793,657
7057,7057,18,c2934.mha,18,691,412
1381,1381,94,c2227.mha,94,279,399
683,683,58,c1091.mha,58,306,500
2850,2850,64,c0556.mha,64,255,453
6831,6831,76,c2543.mha,76,850,864
3728,3728,26,c1841.mha,26,241,618
3128,3128,42,c0986.mha,42,766,387
779,779,68,c1256.mha,68,260,770
3646,3646,74,c1748.mha,74,312,760
729,729,68,c1152.mha,68,289,727
5970,5970,34,c1021.mha,34,162,412
263,263,80,c0405.mha,80,709,379
5038,5038,48,c3748.mha,48,101,878
1537,1537,50,c2427.mha,50,657,461
2615,2615,44,c0243.mha,44,274,617
4760,4760,44,c3322.mha,44,245,574
4273,4273,20,c2585.mha,20,155,474
1422,1422,96,c2282.mha,96,377,696
637,637,76,c1002.mha,76,734,677
621,621,120,c0978.mha,120,319,244
1107,1107,64,c1760.mha,64,181,790
4914,4914,42,c3610.mha,42,127,319
4702,4702,20,c3245.mha,20,389,602
731,731,124,c1154.mha,124,653,413
437,437,60,c0703.mha,60,210,216
2974,2974,40,c0756.mha,40,751,189
4755,4755,46,c3316.mha,46,867,686
4580,4580,52,c3040.mha,52,335,810
7436,7436,82,c3611.mha,82,805,367
5955,5955,26,c1001.mha,26,339,853
267,267,112,c0411.mha,112,574,513
2416,2416,76,c3823.mha,76,706,402
3214,3214,86,c1107.mha,86,620,374
3957,3957,16,c2103.mha,16,236,731
2901,2901,22,c0630.mha,22,588,499
2861,2861,24,c0574.mha,24,790,464
2467,2467,18,c0031.mha,18,729,81
6653,6653,22,c2242.mha,22,121,805
6883,6883,32,c2627.mha,32,704,682
7073,7073,24,c2961.mha,24,582,525
4860,4860,14,c3514.mha,14,176,587
1810,1810,80,c2851.mha,80,751,517
4084,4084,54,c2310.mha,54,267,220
2849,2849,26,c0554.mha,26,370,394
863,863,48,c1399.mha,48,626,318
7472,7472,32,c3689.mha,32,323,528
1872,1872,50,c2963.mha,50,648,184
5150,5150,50,c3880.mha,50,235,683
3979,3979,108,c2124.mha,108,179,760
5673,5673,36,c0590.mha,36,164,401
308,308,102,c0462.mha,102,560,609
5537,5537,18,c0324.mha,18,695,706
4718,4718,66,c3266.mha,66,278,890
5862,5862,24,c0842.mha,24,300,314
4990,4990,22,c3675.mha,22,778,358
3030,3030,48,c0856.mha,48,366,709
3757,3757,78,c1874.mha,78,649,379
235,235,80,c0358.mha,80,159,537
4568,4568,28,c3023.mha,28,756,703
5054,5054,22,c3767.mha,22,709,193
5024,5024,82,c3714.mha,82,834,417
6122,6122,76,c1269.mha,76,820,313
5302,5302,28,c3146.mha,28,838,244
6347,6347,34,c1664.mha,34,409,529
2451,2451,20,c0003.mha,20,797,740
5342,5342,18,c0004.mha,18,641,550
6435,6435,50,c1833.mha,50,693,777
4810,4810,40,c3430.mha,40,639,898
4748,4748,20,c3308.mha,20,354,325
3143,3143,54,c1009.mha,54,223,895
458,458,90,c0755.mha,90,277,662
4997,4997,40,c3681.mha,40,202,267
6025,6025,34,c1131.mha,34,713,295
5348,5348,42,c0011.mha,42,763,831
2934,2934,22,c0688.mha,22,259,355
2423,2423,42,c3845.mha,42,661,494
7205,7205,30,c3240.mha,30,374,731
1534,1534,76,c2426.mha,76,589,561
5417,5417,34,c0131.mha,34,178,657
2931,2931,50,c0685.mha,50,155,459
2184,2184,54,c3458.mha,54,144,547
2136,2136,60,c3405.mha,60,633,727
6388,6388,22,c1739.mha,22,832,737
6322,6322,30,c1630.mha,30,807,587
30,30,40,c0047.mha,40,764,373
4303,4303,40,c2620.mha,40,422,692
606,606,74,c0959.mha,74,305,349
4307,4307,52,c2626.mha,52,302,279
6152,6152,22,c1297.mha,22,331,809
1489,1489,82,c2380.mha,82,644,261
7337,7337,42,c3445.mha,42,668,226
6822,6822,42,c2537.mha,42,117,447
2808,2808,76,c0524.mha,76,243,505
6586,6586,38,c2147.mha,38,291,576
1481,1481,114,c2366.mha,114,285,336
1165,1165,44,c1855.mha,44,898,402
7491,7491,30,c3728.mha,30,233,512
4536,4536,60,c2985.mha,60,781,577
1702,1702,62,c2699.mha,62,767,600
5039,5039,16,c3749.mha,16,362,880
